topic_id,topic_name,keywords,chunk_count,sample_chunks,your_decision,new_name,merge_with,notes
0,0_approach_feet_descent_altitude,"approach, feet, descent, altitude, captain, officer, localizer, airplane, runway, rate",434,"[AAB0101.pdf_chunk_0031]: [ANALYSIS] During this period, the flight engineer stated, “ooh nose  uh,” and the captain did not disengage the autopilot or take any action to adjust the pitch attitude. While flying inside of the middle marker during the most critical phase of the approach at  the decision height, the flight crew... ||| [AAB0101.pdf_chunk_0032]: [ANALYSIS] The Sperry Aerospace SP-150 autopilot installed on the accident airplane used a  time-based method to reduce the autopilot’s sensitivity to localizer and glideslope deviations as  the airplane approached the runway threshold on the ILS. However, the time-based method used  by the SP-150 a... ||| [AAB0203.pdf_chunk_0036]: [ANALYSIS] Thus, the flight crew was  not adequately prepared to perform ASE’s instrument and missed approach procedures. In addition, Avjet’s manual indicates that the captain was to brief the airplane’s  configuration and approach speed, final approach fix altitude, minimum descent altitude  (MDA)...",,,,
1,1_wind_weather_shear_information,"wind, weather, shear, information, wind shear, thunderstorm, radar, airport, winds, knots",264,"[AAR0101.pdf_chunk_0170]: [CONCLUSIONS] Appendix E 189 Aircraft Accident Report  zfem)}  Z Cer}  Z (hee)  Fig. 6 Vertical velocity patterns from a two-dimensional simulation of the § Jan 1989 event. The contour interval is 2m/s with solid representing updrafts and dashed representing downdrafts. The two updrafts marked with... ||| [AAR0101.pdf_chunk_0171]: [CONCLUSIONS] The disturbed part of the air flow is in the form of a system of quasi-stationary vortices rotating in opposite directions. Appendix F 191 Aircraft Accident Report • Winds need to be within 30 degrees of the direction normal to the mountain ridge. • The presence of a jet stream with it... ||| [AAR0101.pdf_chunk_0172]: [CONCLUSIONS] As the encounter progressed, we received a very sharp-edged blow which was followed by many more. As the first sharp-edged encounter started bleeding off, we developed an almost instantaneous rate of roll at fairly high rate. The roll was to the far left and the nose was swinging up an...",,,,
2,2_runway_taxiway_controller_taxi,"runway, taxiway, controller, taxi, controllers, swa, crew, traffic, airport, surface",177,"[AAR0002.pdf_chunk_0066]: [ANALYSIS] Analysis 61 Aircraft Accident Report FAA should require POIs assigned to Part 121 carriers that use auxiliary performance computers to review and ensure the adequacy of training and procedures regarding the use of this equipment and the interpretation of the data generated, including land... ||| [AAR0705.pdf_chunk_0069]: [ANALYSIS] This analysis discusses the taxi and attempted takeoff sequence and the associated  human factor issues, survival factors, efforts to mitigate surface navigation errors, ATC  staffing, and other issues related to the accident flight. Taxi and Attempted Takeoff Sequence 2.2  The pilots att... ||| [AAR0705.pdf_chunk_0070]: [ANALYSIS] Two two’s a short taxi.” Although the CVR did not record either  pilot explicitly referencing the airport chart, this statement is consistent with the first  officer examining the chart because no specific taxi instructions had been provided to  the flight crew. Also, the number of times...",,,,
3,3_collision_traffic_controller_cessna,"collision, traffic, controller, cessna, target, radar, aircraft, separation, controllers, pilot",166,"[AAR0902.pdf_chunk_0029]: [ANALYSIS] The pilot did not see the police helicopter, but the on-board photographer noticed that a  helicopter had passed close to their position. The pilot acknowledged that his workload could be  “a bit hectic” and that he had let the coverage of the story distract him from his altitude  awarene... ||| [AAR1005.pdf_chunk_0049]: [CONCLUSIONS > FINDINGS] 4.1  Findings  1. Both pilots were properly certificated and qualified in accordance with applicable federal  regulations.  2. Available evidence suggested that the airplane pilot was not likely affected by fatigue at the  time of the accident. The helicopter pilot had an op... ||| [AAR1005.pdf_chunk_0050]: [CONCLUSIONS > FINDINGS] The helicopter would not have been obscured from the airplane pilot’s view but would likely  have been difficult for him to detect until the final seconds before the collision because,  before that time, the helicopter would have appeared as a relatively small and stationary...",,,,
4,4_engine_propeller_power_engines,"engine, propeller, power, engines, turbine, takeoff, failure, right, right engine, blade",162,"[AAB0402.pdf_chunk_0045]: [ANALYSIS] Small nicks and tears characteristic of foreign-object damage43 were  found on the leading edges and tips of the axial compressor blades. Metallic deposits found  spattered on both gas generator and power turbine airfoils were confirmed as aluminum. Because the Turbomeca Arriel 1D1 engine... ||| [AAR-90-06.pdf_chunk_0066]: [ANALYSIS] The location of parts of the  No. 2 engine and empennage structure near Alta, Iowa, together with the  '  75  documentation and analysis of the No. 2 engine components and surrounding  structure, led the Safety Board to conclude that the No. 2 engine stage 1 fan  disk fracture and separat... ||| [AAR0101.pdf_chunk_0118]: [ANALYSIS] Witnesses also reported observing a “mist” trailing the airplane's right wing. Both the sounds and the mist could Analysis 117 Aircraft Accident Report have been associated with engine surges (compressor stalls) that could have accompanied an attempted relight and acceleration of engines...",,,,
5,5_probable_probable cause_cause_national,"probable, probable cause, cause, national, transportation safety, transportation, national transportation, board, safety, accident",159,"[AAB0101.pdf_chunk_0033]: [ANALYSIS] As a result, the south local controller cleared two air carrier flights to land  on the debris-strewn runway after the accident. One of the airplanes landed uneventfully, and the  other performed a touch-and-go, as directed by the south local controller after the driver of an  airport gro... ||| [AAB0201.pdf_chunk_0058]: [ANALYSIS] P&W’s Submission In an October 6, 2000, letter, P&W stated that it believed that “the facts, as gathered to date, sufficiently represent Pratt & Whitney’s perspective on this crash. Therefore, Pratt & Whitney will not be providing a further submission to be considered during the developme... ||| [AAB0202.pdf_chunk_0034]: [PROBABLE CAUSE] Further, although the controller did not give the pilot the information about his southeasterly heading or try to determine why the pilot made the turn and given that the pilot responded to the controller’s instructions, the Board determined that this omission did not cause or exace...",,,,
6,6_evacuation_emergency_passengers_attendants,"evacuation, emergency, passengers, attendants, flight attendants, cabin, exit, attendant, flight attendant, arff",148,"[AAB0401.pdf_chunk_0039]: [PROBABLE CAUSE] The Safety  Board concluded that if the passengers and crew had not been able to evacuate, there would not have been enough  ARFF personnel to enter the airplane and rescue occupants. The description for this accident, DCA00MA079, can  be found on the Safety Board’s Web site at <htt... ||| [AAR0001.pdf_chunk_0179]: [ANALYSIS] The Safety Board is concerned about the delay in the implementation of Safety Recommendation A-95-120.217 In addition, the Safety Board is especially concerned that the FAA, until it received queries from the Board, was apparently not aware of, or not addressing, procedural barriers that... ||| [AAR0001.pdf_chunk_0180]: [ANALYSIS] However, the Navy had not yet received a request for specific Federal firefighting and medical resources; therefore, it would have been inappropriate for the Chief of Staff to have dispatched these resources. 217 The Safety Board is also disappointed that the aural MSAW alert could not be...",,,,
7,7_hours_certificate_held_medical certificate,"hours, certificate, held, medical certificate, employed, total, land, hearing, ratings, medical",126,"[AAB0704.pdf_chunk_0013]: [PROBABLE CAUSE] However, after the controller received no radio response from the pilot, he should have made further attempts  to contact the flight by radio and should have noticed that radar data for the flight ceased. NTSB/AAB-07/04  13  BY THE NATIONAL TRANSPORTATION SAFETY BOARD  MARK V. ROSEN... ||| [AAR6904.pdf_chunk_0036]: [(a) FINDINGS] I First Officer John A. Mazur, aged 30, was employed by North Centrel Airlines on April 1968. He held commercial pilot certificate No. 1555450, with airplane multi/single engine land and instrument ratings. His last second-class medical certificate was dated December 5, 1967, and was... ||| [AAR6904.pdf_chunk_0037]: [(a) FINDINGS] The total time on the airframe was 25,219 hours, of which 3,238 hours were logged subsequent to the conversion. Time since the last maintenance check was 6h hours. The aireraft was equipped with Allison engines and Aeroproducts propellers, whose histories were as follows:  Position In...",,,,
8,8_controller_pilot_clearance_radar,"controller, pilot, clearance, radar, terrain, flight, radial, course, vfr, heading",111,"[AAB0202.pdf_chunk_0031]: [ANALYSIS] For more information, see the January 9, 2002, addendum to the Systems Group Chairman’s Factual Report.  31 NTSB/AAB-02/02 Air Traffic Controller Actions The procedures in FAA Order 7110.65, “Air Traffic Control,” Paragraph 10-2-9, “Radar Assistance Techniques,” do not directly apply to s... ||| [AAB0202.pdf_chunk_0032]: [ANALYSIS] This action and the controller’s postaccident statement that he was surprised when the pilot asked to be diverted the second time (at 1923:46) because he thought the pilot wanted assistance to continue to EIW indicates that the controller did not understand or hear the pilot’s first reque... ||| [AAB0202.pdf_chunk_0033]: [ANALYSIS] At 1928:36, the controller asked the pilot, “you have any more attitude problems,” and the pilot responded, “the attitude problems are continuing.” ATC radar show that the airplane entered a left turn to the southeast as the pilot was making this statement. At 1929:31, the pilot requested...",,,,
9,9_stall_stick_shaker_stick shaker,"stall, stick, shaker, stick shaker, recovery, pitch, aoa, airplane, abx, airspeed",100,"[AAB0401.pdf_chunk_0033]: [ANALYSIS] The airplane was operating in accordance with a Canadian flight permit and a special use  authorization issued by the FAA and was properly equipped to conduct flight tests. Examination of  the flight controls, the modified PFS units, and the airplane’s engines and systems found no  eviden... ||| [AAB0401.pdf_chunk_0034]: [ANALYSIS] Moreover, the aft c.g. and the aggressive pitch control inputs by the pilot eliminated the safety  margin that the c.g. limit and the lower pitch rate guidance of 3° per second were intended to  provide. Safety Board staff and Bombardier simulation studies indicated that either restoring... ||| [AAB0401.pdf_chunk_0036]: [ANALYSIS] The preflight briefing also did not include a discussion about test maneuver  techniques or about what procedures to follow in the event of a problem or failure in the  modified systems to be tested. Pitch rate targets were also not discussed in the context of an aft  c.g. test flight. Al...",,,,
10,10_disk_inspection_crack_blade,"disk, inspection, crack, blade, ultrasonic, propeller, fatigue, engine, cracks, hub",100,"[AAR-90-06.pdf_chunk_0069]: [ANALYSIS] The investigation  disclosed that the liberated pieces of the engine banjo frame contained  transferred titanium. However, the Safety Board could not determine which of  the titanium engine parts struck the frame.  2.4.2  Initiat'ion and Propagation of Fatigue Crack  . Metallurgical exami... ||| [AAR-90-06.pdf_chunk_0070]: [ANALYSIS] The actual surface length of the discolored  area is 0.476 inch. The GEAE fracture mechanics analysis also was used to estimate the  size of the fatigue crack at the time of the inspection. The analysis  estimated that the surface length of the crack was 0.498 inch long at the  last inspe... ||| [AAR-90-06.pdf_chunk_0071]: [ANALYSIS] This accident demonstrates the difficulty of inspection. Therefore, to some extent, the engine manufacturers rely upon the billet  fabrication procedures for their overall quality assurance of disk material. Although the billet producers have been constantly striving to upgrade the  quali...",,,,
11,11_wing_crack_inspection_skin,"wing, crack, inspection, skin, fatigue, lap, joint, aloha, maintenance, aloha airlines",94,"[AAB1301.pdf_chunk_0017]: [ANALYSIS] ANALYSIS  There were no relevant anomalies during the preflight check and taxi of the accident  airplane. On the takeoff roll, shortly after liftoff, the No. 2 engine pylon separated from the left  wing. The No. 2 engine nacelle and pylon assembly struck the No. 1 engine nacelle, causing... ||| [AAB1301.pdf_chunk_0018]: [ANALYSIS] The records review and  termination of the repetitive inspections based on the completion entry were in accordance with  applicable practice and regulations. If the erroneous entries had not been made, Omega would  have either continued its inspections of the midspar fitting or noted the... ||| [AAB1302.pdf_chunk_0011]: [ANALYSIS] These cracks and others in the area had propagated entirely  through the skin thickness. The NTSB concludes that fatigue cracking initiated at rivet hole 85  located at BS 697. The material properties for the skins, doubler, and rivets were all checked and  satisfied the Boeing specificat...",,,,
12,12_sleep_fatigue_hours_duty,"sleep, fatigue, hours, duty, rest, day, time, accident, officer, performance",84,"[AAB0605.pdf_chunk_0022]: [ANALYSIS] The controller’s apparent  perception that flight crews operating under VFR are always able to avoid terrain and obstacles  regardless of flight conditions is incorrect, and his failure to take appropriate action placed the  airplane in an unsafe situation. The controller had the knowledg... ||| [AAB0607.pdf_chunk_0024]: [ANALYSIS] By the time the wreckage was identified,  however, adverse weather had moved in that prevented rescue personnel from reaching the site until  0630 on November 30, 2004. A review of the autopsy report for the active-duty military passenger, who initially  survived at the accident site but... ||| [AAR0001.pdf_chunk_0168]: [ANALYSIS] At the beginning of the approach, the captain made unsolicited comments related to fatigue, stating “eh...really...sleepy.” In its investigation of the 1993 American International Airways accident at Guantanamo Bay, Cuba, the Safety Board noted that individuals often tend to underestimate...",,,,
13,13_faa_oversight_surveillance_training,"faa, oversight, surveillance, training, poi, program, safety, operations, air, records",79,"[AAR0001.pdf_chunk_0190]: [ANALYSIS] The KCAB inspectors provided an annual evaluation of the flight skills of the check airmen and examiners but did not observe proficiency checks or check rides on Korean Air’s wide-body fleet.225  According to its director, the KCAB routinely conducts one annual safety inspection, four qua... ||| [AAR0001.pdf_chunk_0191]: [ANALYSIS] Also, cockpit approach procedures (for example, for the flying and nonflying pilot roles) were taught anecdotally and were not documented. After the accident and discussions with Safety Board investigators, the KCAB asked Korean Air to modify its simulator training syllabus to include a d... ||| [AAR0001.pdf_chunk_0192]: [ANALYSIS] Aldershot: Hampshire, England, p. 182. 228 The FAA’s position title for POIs assigned to foreign carriers is International Geographic Inspector (Operations). Analysis 168 Aircraft Accident Report accident stated that oversight of foreign carriers under Part 129 included inspections of tri...",,,,
14,14_icing_atr_icing conditions_freezing,"icing, atr, icing conditions, freezing, conditions, 4184, flight 4184, aileron, hinge moment, ice",75,"[AAR1102.pdf_chunk_0101]: [CONCLUSIONS > FINDINGS] Due to the early morning hour of the accident flight and cumulative sleep debt, it is likely  that fatigue degraded the captain’s performance.  81  NTSB  Aircraft Accident Report  20. Dispatching and operating an airplane in known icing conditions for which the airplane is n... ||| [AAR9601.pdf_chunk_0000]: [ANALYSIS] ANALYSIS Gore ral .0....ceecceecceseesseceeceseeeeneescecaeceeeeeneeeaeesaeceseceseeeaeecaeeeeeeeeeeaeeeaeaes 158 Summary of Accident Sequence ..........ccccccecesceessecceseeeseeeceseeeeaeeeesaees 159 Meteorological Factors ........ccccccscccesseceeseceeseccsseeeseseecsecenseceseseeensae... ||| [AAR9601.pdf_chunk_0001]: [CONCLUSIONS] CONCLUSIONS FINdingS ......ceeccececccssseceeccceececesecessececseeccseeeseseecsseeeseeeeceseeceeneeeeeeeesaes 203  3.2  Probable Cause.........cccceecececcccccccecsssseececcccceccacsssesceccececeaaeaseececeeceeeeanans RECOMMENDATIONS .ouicciccccccccecececscecscecsccccccccccecececececc...",,,,
15,15_rudder_pedal_rudder pedal_input,"rudder, pedal, rudder pedal, input, yaw, inputs, yaw damper, control, damper, left",71,"[AAR0101.pdf_chunk_0112]: [FINDINGS] 1.18.4.1 Findings Note: Because the Safety Board’s analysis of the USAir flight 427 accident also included analysis of the United flight 585 accident and the Eastwind flight 517 incident, some of the findings pertain to these two events. 90 The CVR transcript indicates that, at 0914:20, b... ||| [AAR0101.pdf_chunk_0122]: [ANALYSIS] There is also no evidence that a ground spoiler deployed to cause the lateral upset. The condition of the ground spoiler control valve slide was consistent with a retracted spoiler position. Further, had either the flight or ground spoilers been extended in flight, the airplane would not... ||| [AAR0101.pdf_chunk_0137]: [ANALYSIS] In its computer simulation, the Safety Board matched this heading change by introducing a crosswind gust component, resulting in right yaw. The yaw rate was sustained for more than 3 seconds before a rapid right roll developed. This sustained yaw would have been apparent to the captain as...",,,,
16,16_trim_stabilizer_control_tab,"trim, stabilizer, control, tab, elevator, trim tab, horizontal stabilizer, aileron trim, horizontal, pitch",68,"[AAB1201.pdf_chunk_0027]: [ANALYSIS] However, during the roll events, the airplane also rapidly pitched up. The  characteristics of the pitch changes were such that, within about 1 second, the vertical G levels  rose from about 3 G to 17.3 G; both the rate of G onset and the high-G level exceeded human  tolerance. Based on a... ||| [AAB1201.pdf_chunk_0028]: [ANALYSIS] The left trim tab’s inboard hinge screw showed  evidence of reverse bending fatigue, and corrosion on the fatigue fracture features indicated that  the fatigue cracking had been present for a prolonged time before the screw ultimately failed in  31  NTSB/AAB-12/01  overload during the acc... ||| [AAB1201.pdf_chunk_0029]: [ANALYSIS] The  addition of filler material to the elevator trim tabs (which increased their weight and moved their  CG aft) also increased the potential for flutter. Excitation of the flutter resulted in dynamic  compressive loads in the left tab link assembly that increased beyond its buckling str...",,,,
17,17_135_operations_faa_charter,"135, operations, faa, charter, oversight, training, operators, flights, cfitavoidance, ntsb",66,"[AAR0001.pdf_chunk_0182]: [ANALYSIS] Navy, U.S. Air Force, U.S. Coast Guard, Federal Emergency Management Agency, and all other affected agencies, to define and coordinate emergency notification and response procedures to ensure that timely emergency notifications are made to all local and Federal agencies according to need,... ||| [AAR0001.pdf_chunk_0183]: [ANALYSIS] Pending further correspondence from the FAA, Safety Recommendation A-96-95 was classified “Open—Acceptable Response” on November 13, 1997. A CFIT Education and Training Aid, which was developed under the auspices of the FSF and made available to air carriers in 1997, provides an overall s... ||| [AAR0303.pdf_chunk_0060]: [ANALYSIS] The Board is also concerned that the FAA requires en route inspections of Part 135 scheduled operations, but not for Part 135 on-demand operations, despite its own acknowledgement that en route inspections are one of the best means for ensuring adequate surveillance. The Safety Board is a...",,,,
18,18_sms_operators_fdm_ntsb,"sms, operators, fdm, ntsb, safety, 135, faa, program, 135 operators, recommendation",63,"[AAR0701.pdf_chunk_0075]: [ANALYSIS] SMS program initiatives have been developed in the international aviation industry. For example, the European Joint Aviation Authorities recommend, but do not require, air carriers to establish an SMS program. Also, in June 2005, Transport Canada passed regulations requiring that air carr... ||| [AAR1403.pdf_chunk_0071]: [ANALYSIS] Any organization that wishes to actively manage safety as part of an effective SMS must  continuously strive to discover, understand, and mitigate the risks involved in its operations. This  includes establishing a just culture in which mutually agreed principles are established to draw a... ||| [AAR1603.pdf_chunk_0058]: [ANALYSIS] In this case, Execuflight had established SOPs, but the flight crew consistently failed to  follow them. As noted in FAA AC 120-71A, a lack of firm implementation of SOPs by  management poses a danger in that flight crews “too easily become participants in an undesirable  double standard...",,,,
19,19_cam_cam1_source_content,"cam, cam1, source, content, sound, source content, time source, ah, okay, zero",61,"[AAB0201.pdf_chunk_0080]: [PROBABLE CAUSE] INTRA-COCKPIT COMMUNICATION             AIR-GROUND COMMUNICATION    TIME &        TIME &  SOURCE    CONTENT    SOURCE  CONTENT        0121:14    RDO-2a  departure, EgyptAir nine eight nine in your frequency.    0121:18    DEP  EgyptAir nine ninety heavy New York you're radar contact... ||| [AAB0201.pdf_chunk_0081]: [PROBABLE CAUSE] I entered three one zero.    0125:32    CAM-3  that's why it gave you maximum altitude.    0125:35    HOT-2a  I swear I entered three one zero.    0125:40    HOT-2a  ten thousand climbing.    0125:42    CAM-1a  thirty three.    0125:48    HOT-2a  I had even entered two nine zero.... ||| [AAB0201.pdf_chunk_0082]: [PROBABLE CAUSE] Captain Habashi, would you like to drink  something? Captain Hatem, would you like to drink  something?    0130:23    CAM-?  [sounds similar to coughing]    0130:45    CAM-?  [unintelligible conversation in background]    0130:55    CAM-?  where is our chart?    0130:57    CAM-?  [s...",,,,
20,20_wing_ice_contamination_deicing,"wing, ice, contamination, deicing, snow, wings, stall, takeoff, airfoil, surfaces",61,"[AAB0603.pdf_chunk_0025]: [ANALYSIS] The presence of upper wing surface contamination is likely because the airplane was  parked on the ground for about 40 to 45 minutes during freezing precipitation and it was not  deiced. A witness observation of upper wing surface contamination while the airplane was  parked, as well as a... ||| [AAB0603.pdf_chunk_0026]: [ANALYSIS] Moreover, ice accumulation in this area would likely  have been difficult to visually detect from the cockpit because the airplane’s wing paint color  was white. Following the accident, the Safety Board published a safety alert39 that summarized the  Board’s previous findings regarding th... ||| [AAR1102.pdf_chunk_0059]: [ANALYSIS] 2. Analysis  2.1 General  The captain and the first officer were certificated in accordance with Federal regulations  and were current and qualified in accordance with Empire Airlines’ training requirements. The  investigation found no evidence that the pilots’ performance was affected by...",,,,
21,21_elevator_relief_boeing_egyptian,"elevator, relief, boeing, egyptian, relief officer, ntsb, pca, eit, 990, movements",60,"[AAB0201.pdf_chunk_0059]: [ANALYSIS] Although the captain reported several minor anomalies during these interviews (including an autopilot 86 For additional information, see the Systems Group Chairman’s Factual Report and its addendum and the Materials Laboratory Factual Report.  53 NTSB/AAB-02/01 anomaly), he told investiga... ||| [AAB0201.pdf_chunk_0060]: [ANALYSIS] Mechanical Failure/Anomaly Scenarios  The Safety Board evaluated possible mechanical failure and pilot action scenarios in an attempt to determine whether they were consistent with the elevator movements made during the accident sequence. As previously discussed in the section titled, 87... ||| [AAB0201.pdf_chunk_0061]: [ANALYSIS] As previously mentioned, one of the recovered PCAs was found with a pin (that attached the spring guide to the servo valve slide) sheared and one coil of the bias spring improperly positioned over the head portion of the spring guide. However, there were no marks on any of the surfaces or...",,,,
22,22_medical_drug_drugs_parachute,"medical, drug, drugs, parachute, marijuana, use, jump, pilots, pilot, faa",56,"[AAR0402.pdf_chunk_0072]: [ANALYSIS] Another possible shortcoming of current color vision certification standards and related screening tests is that they may not appropriately evaluate a pilot’s ability to rapidly discriminate among colors. Therefore, the Safety Board concludes that existing aviation medical certification s... ||| [AAR0402.pdf_chunk_0073]: [ANALYSIS] Therefore, the Safety Board concludes that one or more of the color vision screening tests currently approved for use in the aviation industry (for example, the FALANT) are not adequate and that these tests should be identified and their use discontinued. The Safety Board believes that th... ||| [AAR0802.pdf_chunk_0049]: [ANALYSIS] Even though there was some uncertainty as to whether  the runway overrun was an accident or an incident, it would have been prudent for  Pinnacle to comply with the drug and alcohol testing regulations as if the overrun were  to be classified as an accident. After another recent accident,...",,,,
23,23_elevator_maintenance_elevator control_control,"elevator, maintenance, elevator control, control, tab, control tab, air, mechanic, air midwest, cass",53,"[AAR0302.pdf_chunk_0070]: [ANALYSIS] To the contrary, CVR and FDR evidence indicates that the first officer began to move the control column forward, countering the airplane’s unusual nose-up pitch rate, about the time the airplane reached its rotation speed. Further, CVR evidence indicates that the first officer began to ad... ||| [AAR0302.pdf_chunk_0071]: [ANALYSIS] The Safety Board’s subsequent airplane performance study indicated that the change observed in the FDR’s control column and elevator data at this time could be explained by a 3º to 4º TEU shift in the airplane’s right control tab position relative to the left control tab. This shift in co... ||| [AAR0302.pdf_chunk_0072]: [ANALYSIS] This scenario is consistent with evidence of contact damage observed on the forward edges of the accident airplane’s right control tab crank fitting and would have resulted in the abnormal nose-up pitching observed in the FDR data as the airplane neared rotation speed. Therefore, the Safe...",,,,
24,24_ice_icing_icing conditions_boots,"ice, icing, icing conditions, boots, deicing, deice, conditions, boot, deicing boots, rough",51,"[AAR0303.pdf_chunk_0053]: [ANALYSIS] Several pilot reports made in the vicinity of EVM about the time of the accident and an analysis of those reports indicated that icing was likely occurring in two distinct bands around the time of the accident: moderate icing was present between approximately 8,000 and 11,000 feet, and li... ||| [AAR0702.pdf_chunk_0033]: [ANALYSIS] During the approach, the flight crew of the sister ship, which was following the accident flight, cycled the deice boots numerous times and maintained a high airspeed and, subsequently, landed safely, indicating the importance of taking these actions to counteract the hazardous effects of... ||| [AAR0702.pdf_chunk_0034]: [ANALYSIS] At 0859:29, the CVR recorded the first officer state that the Vref was 96 knots. In the case of this flight, the Vref should have been increased from 96 to 104 knots because of the icing conditions. The CVR did not record either pilot mention increasing the airspeed at any point during th...",,,,
25,25_acme_alaska airlines_end play_jackscrew,"acme, alaska airlines, end play, jackscrew, play, alaska, wear, lubrication, nut, acme nut",49,"[AAR0201.pdf_chunk_0139]: [ANALYSIS] The inner diameter of those ridges was almost identical to the outer diameter of the acme screw threads, which is consistent with the worn acme nut threads having been sheared off by the acme screw threads during airplane-nose-down trimming movements. Each of the acme nut threads makes 16... ||| [AAR0201.pdf_chunk_0140]: [ANALYSIS] The study showed that the bending deformations resulting from a 2,000-pound load on a single highly worn thread spiral caused a drastic change in the thread’s behavior, indicating that a structural failure, rather than shearing failure, is possible. Further, the results of the Safety Boar... ||| [AAR0201.pdf_chunk_0152]: [ANALYSIS] As previously discussed, the expected wear rate is about 0.001 inch per 1,000 flight hours.232 Therefore, the Safety Board concludes that the acme nut threads on the accident airplane’s horizontal stabilizer jackscrew assembly wore at an excessive rate. There is, however, no reason to bel...",,,,
26,26_checklist_oxygen_engine_cabin,"checklist, oxygen, engine, cabin, american airlines, valve, emergency, american, filter, light",47,"[AAB0001.pdf_chunk_0029]: [ANALYSIS] As the flight continued, it deviated from its assigned course and failed to level at its assigned altitude (FL 390). There was no evidence that the flight crew attempted to intervene43 over the next 4 hours, as the airplane continued to   40 Sunjet Aviation’s documentation of aircraft sys... ||| [AAB0001.pdf_chunk_0030]: [ANALYSIS] Because this accident would not have occurred without both the loss of cabin pressure and the failure of the flight crew to receive supplemental oxygen, the Safety Board considered possible reasons for both of these key events in the accident sequence. LOSS OF CABIN PRESSURIZATION Availab... ||| [AAB0001.pdf_chunk_0031]: [ANALYSIS] If there is no inlet bleed air, the valve main spring will close the flow control valve completely. Although, as previously discussed, bleed air was available to open the flow control valve, the condition of the flow control valve indicated that it was in its fully closed position at impa...",,,,
27,27_cvr_recorder_recorders_voice,"cvr, recorder, recorders, voice, cockpit voice, cvrs, cockpit, audio, flight data, data",47,"[AAR0401.pdf_chunk_0138]: [ANALYSIS] Safety Recommendation A-97-36 asked the FAA to require the inspection of CVRs aboard Beech 1900 airplanes and ensure that the operator take corrective actions so that the intelligibility of recorded communications was as high as practicable. Raytheon Aircraft Company issued Service Bullet... ||| [AAR0401.pdf_chunk_0139]: [ANALYSIS] On January 16, 2003, the Safety Board stated its concern that that the FAA’s maintenance survey would address only one part of the CVR reliability problem. The Board’s safety recommendation letter stressed that it was the flight crew’s responsibility to check the CVR for proper operation... ||| [AAR0602.pdf_chunk_0063]: [ANALYSIS] Analysis 55 Aircraft Accident Report the first flight of the day. The FAA indicated that the intent of the notice was to persuade the operators to configure the CVRs during future major maintenance cycles so that flight crews would be able to test them. The FAA also stated that it made a...",,,,
28,28_thrust_reverse_reverse thrust_epr,"thrust, reverse, reverse thrust, epr, reverser, thrust reverser, landing, reversers, thrust reversers, 13 epr",47,"[AAR0102.pdf_chunk_0150]: [ANALYSIS] Likewise, Boeing’s MD-80 FCOM indicated that reverse thrust of no more than 1.3 EPR should be used on wet or contaminated runways, except in an emergency. However, FDR evidence indicated that reverse thrust exceeded 1.3 EPR several times during flight 1420’s landing sequence.199 Further,... ||| [AAR0102.pdf_chunk_0151]: [ANALYSIS] The left engine EPR reached values of 1.3 or greater almost continuously; the right engine EPR reached values of 1.3 or greater several times. The heading stopped moving left, and rudder effectiveness was restored, when the thrust reversers were briefly stowed. When reverse thrust was app... ||| [AAR0102.pdf_chunk_0152]: [ANALYSIS] Therefore, the Safety Board believes that the FAA should issue a flight standards information bulletin that requires the use of 1.3 EPR as the maximum reverse thrust power for MD-80 series airplanes under wet or slippery runway conditions, except in an emergency in which directional contr...",,,,
29,29_gear_landing_landing gear_touchdown,"gear, landing, landing gear, touchdown, md11, checklist, captain, bounce, bounced, second",46,"[AAR0002.pdf_chunk_0057]: [ANALYSIS] The pitch attitude was about 2° noseup and decreasing rapidly. The elevator was about 15° nose-down, although it was moving rapidly toward a nose-up position. Given the nose-down elevator position at that point in the bounce, there were probably no additional crew actions that could have... ||| [AAR0002.pdf_chunk_0060]: [ANALYSIS] Specifically, the FedEx MD-11 “advanced technique” for landing recommends that “elevator back pressure…be relaxed” about 10 feet before touchdown (to achieve a 1° decrease in pitch attitude). However, the captain’s nose-down elevator input, which moved the elevator from 12° nose-up to abo... ||| [AAR0002.pdf_chunk_0061]: [ANALYSIS] The FedEx MD-11 flight manual recommends that a “constant pitch attitude be maintained from 10 feet radio altitude until touchdown.” However, this guidance presupposes a stabilized approach and flare leading up to 10 feet radio altitude. In contrast, because the captain had destabilized t...",,,,
30,30_braking_runway_braking action_brake,"braking, runway, braking action, brake, landing, brakes, distance, reports, action, thrust",46,"[AAR0102.pdf_chunk_0142]: [ANALYSIS] The 20- to 25-knot crosswind component, however, exceeded the 10-knot limitation required by American’s flight manual for a runway with an RVR of less than 1,800 feet.  192 The Safety Board notes that, during flight 1420’s final approach segment, the microburst was  located northwest of t... ||| [AAR0102.pdf_chunk_0153]: [ANALYSIS] The crewmembers had also received a report from the controller about a strong crosswind, so they should have been aware that significant rudder inputs could be required to maintain directional control of the airplane on the runway and that these inputs could take away from their ability t... ||| [AAR0102.pdf_chunk_0154]: [ANALYSIS] The Safety Board acknowledges that American has implemented specific criteria requiring the use of autobrakes but is concerned that the company still does not require autobrakes during landings with crosswinds. In the aviation industry, it is generally understood that landing during high...",,,,
31,31_seat_shoulder_seats_harness,"seat, shoulder, seats, harness, shoulder harness, restraint, children, occupant, passenger, child",45,"[AAR-90-06.pdf_chunk_0102]: [ANALYSIS] On May 30, 1990  Revise 14 CFR 91, 121 and 135 to require that all occupants be  restrained during takeoff, landing, and turbulent conditions,  and that all infants and small children below the weight of  40 pounds and under the height of 40 inches to be restrained  in an approved child r... ||| [AAR0604.pdf_chunk_0066]: [ANALYSIS] For example, after the passengers boarded the airplane, the cabin aide offered the passengers a beverage and four accepted. The drinks were served in glasses or ceramic/china cups, several of which were recovered on or near passenger seats after the accident, which is not consistent with... ||| [AAR0704.pdf_chunk_0055]: [ANALYSIS] In its  November 20, 2006, response to this recommendation, the FAA stated that it would not  include, in the final rule requiring damage-tolerance-based supplemental inspections,  airplanes that were type-certificated before 1958 and had a maximum passenger seating  capacity of fewer tha...",,,,
32,32_helicopter_pilot_helicopters_terrain,"helicopter, pilot, helicopters, terrain, accident, flight, pilots, water, imc, altitude",44,"[AAB0402.pdf_chunk_0041]: [ANALYSIS] Analysis of the atmospheric conditions disclosed no evidence of any meteorological  phenomenon that was contributory to the accident other than the high-ambient temperatures and  resultant high-density altitude. The winds at both the top of the cliff and at the accident site were  about 5... ||| [AAB0402.pdf_chunk_0042]: [ANALYSIS] Several of the operator’s tour pilots, including the accident pilot,  nicknamed this maneuver the Thelma and Louise descent. Interviews with passengers who had  flown with the accident pilot before the accident and other people familiar with the way he flew  his tour indicated that he pre... ||| [AAB0704.pdf_chunk_0011]: [ANALYSIS] The rules for operating within class B airspace are outlined in 14 CFR 91.131 and include two-way  radio and transponder requirements. NTSB/AAB-07/04 11  ANALYSIS  Examination of the helicopter revealed no mechanical deficiencies, and no evidence of  impact with a bird or other object was...",,,,
33,33_door_cargo door_cargo_latch,"door, cargo door, cargo, latch, cams, open, closed, lock, position, locked",43,"[AAR7302.pdf_chunk_0012]: [ANALYSIS AND CONCLUSIONS] The sccond test revealed thac the force required to ssow the haadle was approximately 120 pounds, When the door linkage was forced overcenter, the locking pins did not engage. $e was noted further that the sliding lock tube was deflected, and the cap end made contact with... ||| [AAR7302.pdf_chunk_0013]: [ANALYSIS] He had to force the handle closed with his knee, and the vent decr, which is also operated by the handic, did not then close properly. A subsequent test of the door m -chanism demonstrated thet the door handle could actually be stowed without the lockpins in place it a force of 120 pounds... ||| [AAR7302.pdf_chunk_0017]: [(a) FINDINGS] Stabilizer crim was available, although the stabilizer indicator was inoperative. ..1¢ crew was not aware of that, and they did not use trim for the approach and landing. There were no malfunctions of the three hydraulic systems, the airplane’s brake system, and the nosewheel steering...",,,,
34,34_generator_electrical_power_bus,"generator, electrical, power, bus, attitude, indicator, standby, switch, attitude indicator, instruments",43,"[AAB0202.pdf_chunk_0030]: [ANALYSIS] He also told ATC that he was trying to use the right-side attitude indicator, which indicates that the airplane did not experience a total vacuum system failure. Examination of the wreckage revealed rotational marks in the left and right engine vacuum pumps, which indicates that they were... ||| [AAR0301.pdf_chunk_0030]: [ANALYSIS] The Safety Board concludes that the physical evidence recovered from the wreckage site and the recorded radar data indicate that a complete loss of a.c. electrical power occurred aboard the airplane. Further, a.c. power was not restored any time after it was lost; if a.c. power had been r... ||| [AAR0301.pdf_chunk_0031]: [ANALYSIS] Also, as demonstrated by postaccident examination and testing of a King Air 200 airplane that was similarly equipped to N81PF, instrument flags would have appeared on the pilot’s altimeter, attitude indicator, horizontal situation indicator (HSI), radio altimeter, RMI, and altitude presel...",,,,
35,35_captain_officer_captains_training,"captain, officer, captains, training, flight, flying, officers, pilot, approach, board",41,"[AAR0001.pdf_chunk_0166]: [ANALYSIS] Although the precise reason(s) for the lack of monitoring by the flight crew could not be determined, the Safety Board concludes that the first officer and flight engineer failed to properly monitor and/or challenge the captain’s performance, which was causal to the accident. Problems ass... ||| [AAR0102.pdf_chunk_0156]: [ANALYSIS] In addition, the manual states, “stopping distances are provided for guidance information only to assist in the selection of the most desirable setting.” Analysis 140 Aircraft Accident Report 2.2.3 Human Factors During the accident flight, both crewmembers made basic errors in flight mana... ||| [AAR0303.pdf_chunk_0048]: [ANALYSIS] 2. Analysis 2.1 General The flight crewmembers were properly certificated and had received the training for pilot certification prescribed by Federal regulations.79 No evidence indicated any preexisting medical or other physical condition that might have adversely affected the flight crew...",,,,
36,36_recorder_flight recorder_crashresistant_crashresistant flight,"recorder, flight recorder, crashresistant, crashresistant flight, data, ntsb, image, recorders, cockpit, recorder systems",40,"[AAR0602.pdf_chunk_0064]: [ANALYSIS] The periodic maintenance check of the CVR should include an audio test followed by a download and review of each channel of recorded audio. The downloaded recording should be checked for overall audio quality, CVR functionality, and intelligibility. In addition, the FAA’s actions in respo... ||| [AAR0602.pdf_chunk_0065]: [ANALYSIS] The FAA’s letter also stated, “exempting certain helicopters from the FDR requirements would be in the public interest and would not adversely affect safety.” The Safety Board does not agree with the FAA’s position that the lack of an FDR aboard helicopters is in the public interest and d... ||| [AAR0902.pdf_chunk_0041]: [ANALYSIS] As a result, only one-sided    52 All of the ENG helicopters used the same beacon code because it signified operation according to the  provisions of the Sharp Echo LOA. Aircraft Accident Report    National Transportation Safety Board  37  conversations were available. These conversations...",,,,
37,37_hydraulic_rotor_yaw_tail,"hydraulic, rotor, yaw, tail, tail rotor, servo, pedal, yaw servo, helicopters, compensator",39,[AAB0402.pdf_chunk_0043]: [ANALYSIS] The helicopter’s skid-type landing gear was  found sitting upright and facing into the cliff face at the IPI on a large outcropping of boulders.38  A burn pattern and limited debris was found at this location. There was a second burn pattern  about 20 feet downslope where the helicopter h... ||| [AAB0402.pdf_chunk_0044]: [ANALYSIS] Determination of this control position was made with a high degree of confidence based on the collective  demand pointer on the fuel control unit; this is cable driven and not likely to have been influenced by vertical impact  forces on the collective torque and push/pull tubes.  41 In Eu... ||| [AAB0402.pdf_chunk_0047]: [ANALYSIS] These indications of positive directional control also  establish that the tail rotor and yaw control system was fully functional.      45 The location of the heat-damaged parts was consistent with the areas of greatest ground fire damage.  46 The gearbox rotated freely following applicat...,,,,
38,38_engine_ditching_failure_checklist,"engine, ditching, failure, checklist, engine failure, failure checklist, dualengine failure, dualengine, airplane, double engine",37,"[AAB0402.pdf_chunk_0046]: [ANALYSIS] Molten aluminum contacting cooler surfaces will have a  rough appearance, and will sometimes be present in globular form. This type of deposit will be easily scraped away  with a fingernail or knife (temporary adhesion). Both deposit forms will burn away quickly with continued operation.... ||| [AAR0701.pdf_chunk_0057]: [ANALYSIS] About 2200:38, the captain told the first officer to increase the airspeed to above 300 knots, and the first officer acknowledged this instruction. About 1 minute later, the captain again told the first officer to increase the airspeed to 300 knots. However, FDR data showed that the maxim... ||| [AAR0701.pdf_chunk_0058]: [ANALYSIS] The second factor was that the pilots had only received ground school instruction on the double engine failure checklist. Thus, it is possible that they were executing it for the first time. Even though maintaining an airspeed of 240 knots was a memory item on the checklist, it is possibl...",,,,
39,39_smoke_goggles_smoke goggles_cabin,"smoke, goggles, smoke goggles, cabin, emergency, cockpit, board, don, captain, emergency descent",36,"[AAR0707.pdf_chunk_0051]: [ANALYSIS] The flight crew also proactively began troubleshooting to determine the source  of the odor. Neither the UPS DC‑8 AOM nor the DC-8 Airplane Flight Manual states what  procedures should be accomplished in the event that only fumes are present. The flight  crew’s use of UPS fire and smoke‑r... ||| [AAR0707.pdf_chunk_0052]: [ANALYSIS] Analysis National Transportation Safety Board A I R C R A F T Accident Report 48 Use and Adequacy of Smoke, Fire, or Fumes Checklists 2.2.3  During the review of the flight crew’s actions and decision-making, investigators  found that company guidance and checklists regarding smoke, fire,... ||| [AAR0707.pdf_chunk_0053]: [ANALYSIS] Although the FAA provides guidance to crewmembers on issues related to inflight fires in AC 120-80, the AC does not provide guidance to flight crews on how to  respond to evidence of smoke, fire, and fumes in the absence of a cockpit alert. In 2004, an  international initiative was undert...",,,,
40,40_sar_dps_mission_alaska dps,"sar, dps, mission, alaska dps, pilot, alaska, nmsp, search, helicopter, risk",35,"[AAR0907.pdf_chunk_0066]: [ANALYSIS] He then attempted to  contact Trooper 2 by radio and got no response. During the investigation, NTSB investigators learned that, against MSP operational  policy, DOs routinely disregarded ADS-B loss of signal alerts and only attempted to contact  flight crews when a signal was lost during... ||| [AAR0907.pdf_chunk_0067]: [ANALYSIS] Additionally, visibility in the area was reported to be  approximately 50 feet, which would have further slowed the search process. Given the darkness,  NTSB  Aircraft Accident Report  62  fog, and delay in obtaining four-wheel drive vehicles, it would likely have taken several hours to... ||| [AAR0907.pdf_chunk_0068]: [ANALYSIS] This location raised confusion among PG County  personnel and, within 10 minutes, they called SYSCOM to verify the location. The PG County  dispatcher reported the discrepancy to an operator at SYSCOM who responded, ―okay I don‘t  know where the duty officer got those [coordinates]….‖ The...",,,,
41,41_cargo_weight_loading_fine,"cargo, weight, loading, fine, weight balance, balance, fine air, aeromar, pallet, cg",35,"[AAR0302.pdf_chunk_0087]: [ANALYSIS] Analysis 80 Aircraft Accident Report Although it was determined that the performance of cargo-handling personnel was not a factor in this accident, improper loading of the airplane’s cargo and/or a cargo shift during takeoff have been involved in previous accidents and were considered pos... ||| [AAR0401.pdf_chunk_0101]: [ANALYSIS] In fact, the first officer of the flight from Huntington, West Virginia (HTS), to Charlotte, North Carolina, on January 7, 2003, stated that “everything was normal” and “it was a good flying airplane.” 126 The flight crew made a 10-pound addition error when summing the weights that compri... ||| [AAR0401.pdf_chunk_0102]: [ANALYSIS] Table 12. Calculations for Air Midwest flight 5481 using the weight and balance program  in effect at the time of the accident. 127 According to the flight 5481 dispatch release, the airplane was loaded with 2,420 pounds of fuel before takeoff. Given Air Midwest’s taxi fuel burn assumptio...",,,,
42,42_training_commuter_checklists_safety,"training, commuter, checklists, safety, board, operations, checklist, flight, safety board, experience",34,"[AAR0701.pdf_chunk_0067]: [ANALYSIS] Section 2.2.5 also noted that these behaviors were examples of optimizing violations, which occur when someone disregards defined procedures intentionally to make a job more interesting or engaging, to push limits, or to impress another. Although Pinnacle Airlines had protections in place... ||| [AAR0701.pdf_chunk_0069]: [ANALYSIS] For regional operators that have the ability to download FDR data, routine monitoring of Part 91 flights can be an effective method to ensure that the flights are conducted according to standard operating procedures. For those operators that do not have the ability to review FDR data from... ||| [AAR0702.pdf_chunk_0038]: [ANALYSIS] Carriers, 1978 through 1990, Safety Study NTSB/SS-94/01 (Washington, DC: NTSB, 1994).  58 The complete text of Safety Recommendation A-94-3 to the FAA was as follows: “Require U.S. air carriers operating under 14 CFR Part 121 to provide, for flight crews not covered by the Advanced Qualif...",,,,
43,43_crm_training_crm training_crew,"crm, training, crm training, crew, resource, 135, resource management, management, flight, pilots",34,"[AAR0604.pdf_chunk_0058]: [ANALYSIS] First, they were aware in advance that they would be performing a high-speed RTO and were instructed to apply reverse thrust, brakes, and spoilers immediately and aggressively. Second, during these tests, the simulator pilots repeatedly performed high-speed RTOs in the simulator, and they... ||| [AAR0906.pdf_chunk_0063]: [ANALYSIS] Although these distractions might have been benign during a normal flight, they were  critical during the accident sequence, especially the later stages. The NTSB concludes that, as a  result of the first officer’s poor flying skills, his lack of airplane systems knowledge, and both  pilo... ||| [AAR1001.pdf_chunk_0120]: [ANALYSIS] On September  10, 2008, the NTSB stated that such a list would be responsive to the intent of the  recommendation as long as the list provided a strong emphasis on the monitoring and workload  management components of a CRM program. The NTSB classified the recommendation  “Open—Acceptable...",,,,
44,44_weather_tour_air tour_pilots,"weather, tour, air tour, pilots, hawaii, weather conditions, cuebased, conditions, camera, route",33,"[AAB0701.pdf_chunk_0017]: [ANALYSIS] Although a radar system capable of accurately observing the  north end of the island could not have detected the presence of a microburst, the characteristics  of the storm encountered by the accident helicopter (and two of three other tour helicopters in the  area) would have produced st... ||| [AAR0703.pdf_chunk_0042]: [ANALYSIS] Nearly all of his previous flight experience had been gained as a military pilot with the Indian Air Force. Though the pilot was experienced in helicopter operations and claimed previous mountain and coastal flying experience, he had few flight hours as a commercial air tour pilot and had... ||| [AAR0703.pdf_chunk_0043]: [ANALYSIS] The pilot may have expected that this would be the case during the accident flight; however, visibility was dramatically reduced along the top of the ridge as the incoming line of weather reached the high terrain. The Safety Board concludes that the pilot’s inexperience with Hawaii weathe...",,,,
45,45_goaround_goaround mode_mode_fo,"goaround, goaround mode, mode, fo, autopilot, activation goaround, inadvertent activation, activation, airplanes, control",32,"[AAR1401.pdf_chunk_0104]: [ANALYSIS] It is also possible that his  monitoring performance, and that of the other flight crewmembers, was degraded by fatigue,  which is known to influence attention and increase vigilance errors (Van Dongen et al. 2003,  117-126).  Human factors research has demonstrated that system operators... ||| [AAR1401.pdf_chunk_0107]: [ANALYSIS] The PF said he believed that only the PIC, in this case the PM, could call for a go-around. He said this was company policy resulting from a tail strike event that had occurred when an FO  had initiated a go-around. This statement contrasted with Asiana’s written policy in the 777  POM, w... ||| [AAR2002.pdf_chunk_0000]: [PROBABLE CAUSE] Probable Cause  The NTSB determines that the probable cause of this accident was the inappropriate  response by the first officer as the pilot flying to an inadvertent activation of the go-around mode,  which led to his spatial disorientation and nose-down control inputs that placed...",,,,
46,46_tca_action_midair_traffic,"tca, action, midair, traffic, recommendation, recommendations, collision, tcas, terminal, faa",32,"[AAR7226.pdf_chunk_0025]: [PROBABLE CAUSE] The Federal Aviation Administration  responded,  in  a  letter dated November 10, 1971, as follows:  ""This is in response to your safety recommendation, A-71-52,  issued 9 November 1971.  ""Recommendation  number 4 of our Near Midair collision Report  of July 1969 is similar to your... ||| [AAR7226.pdf_chunk_0026]: [PROBABLE CAUSE] The  program  should incorporate, in part,  Examograms and, in airmen examinations,  questions  referring to these graphics. The Federal Aviation Administration concurred with these  recommendations in a letter, dated February 15, 1972. Other recommendations (A-71-48 thru 51) were s... ||| [AAR7226.pdf_chunk_0027]: [PROBABLE CAUSE] I am advised  that during their initial review the recommendations  were considered sound and would be  implemented to the  extent feasible. The details of such action are being  staffed. The results of this staffing will be the  promulgation of specific instructions and guidance to...",,,,
47,47_battery_cell_cells_thermal,"battery, cell, cells, thermal, batteries, gs, runaway, 787, lithium, internal",32,"[AAR0707.pdf_chunk_0068]: [ANALYSIS] During the Safety Board’s  public hearing, the CPSC predicted that more incidents and recalls would occur if the  deficiencies were not addressed. Further, the increasing popularity of portable electronic  devices suggests that lithium battery-related incidents, particularly those involvi... ||| [AAR0707.pdf_chunk_0069]: [ANALYSIS] These initiatives will also heighten  awareness about the common risks associated with both primary and secondary lithium  batteries. Although the Safety Board is encouraged by these efforts, other concerns still  remain. The FAA currently maintains records of aviation incidents involving... ||| [AAR0707.pdf_chunk_0070]: [ANALYSIS] Analyzing future secondary and primary lithium battery-related incidents  should help determine the causes of the failures and, in turn, allow the most appropriate  transportation requirements to be established. Therefore, the Safety Board concludes  that an in-depth analysis of the cause...",,,,
48,48_fatigue_sleep_duty_fatigued,"fatigue, sleep, duty, fatigued, policy, safety, attendance, regulations, disorders, sleep disorders",31,"[AAR0102.pdf_chunk_0163]: [ANALYSIS] As a result, the Board issued Safety Recommendation A-99-45, asking the FAA to “establish within 2 years scientifically based hours-of-service regulations that set limits on hours of service, provide predictable work and rest schedules, and consider circadian rhythms and human sleep and r... ||| [AAR0402.pdf_chunk_0069]: [ANALYSIS] Analysis 60 Aircraft Accident Report 2.3.4 Fatigue Management Training The flight engineer said that as a result of the company fatigue management training class, he began taking naps to augment his nightly sleep. Both he and the first officer rested in the company sleep/nap areas before... ||| [AAR0601.pdf_chunk_0059]: [ANALYSIS] Analysis 53 Aircraft Accident Report the captain during the approach, he may also have been suffering from fatigue; his failure to monitor and react to the captain’s deviations from nonprecision approach procedures was consistent with the degrading effects (slowed reactions and/or tunnel...",,,,
49,49_fuel_fuel boost_boost_boost pump,"fuel, fuel boost, boost, boost pump, pump, fsii, imbalance, fuel imbalance, right fuel, fuel pressure",31,"[AAR0603.pdf_chunk_0035]: [ANALYSIS] Specifically, the right fuel boost pump fan motor cooling fan cover and the blade directly beneath the cover were found bent inward, and no rotational markings were found, indicating that the right fuel boost pump was not operating at the time of impact. Postaccident testing of the left a... ||| [AAR0603.pdf_chunk_0036]: [ANALYSIS] Nolinor Aviation ground maintenance personnel determined that the right and left fuel boost pumps had output pressure settings of 15 and 21 psi, respectively, and that the crossfeed valves had been left open, which allowed fuel to transfer from the left to the right fuel tank. Nolinor Avi... ||| [AAR1105.pdf_chunk_0058]: [ANALYSIS] Further, the investigation found that the airplane  was properly certified, equipped, and maintained in accordance with Federal regulations and that  the recovered components showed no evidence of any preimpact structural, engine, or system  failures. Weather was not a factor in the accid...",,,,
50,50_slat_slats_piston_extension,"slat, slats, piston, extension, leading edge, edge, mach, leading, edge slat, flapslat",31,"[AAR0201.pdf_chunk_0149]: [ANALYSIS] The captain did not brief the first officer about what to expect or what to do if these configuration changes resulted in excessive flight control pressures or loss of control of the airplane. Further, the captain did not specify that the flaps should be extended at a slower-than-normal r... ||| [AAR7917.pdf_chunk_0075]: [PROBABLE CAUSE] The design of the leading edge slat system did not include positive . mechanical locking devices to prevent movement of the slats by external loads following a failure of the primary controls. Certification was based upon acceptable flight characteristics with an asymmetrical leadin... ||| [AAR8108.pdf_chunk_0026]: [ANALYSIS] The flaps and slats retracted properly and ori schedule after takeoff, and the flap/slat position indicating system displayed no abormai silat or flap condition.  2.4 Extension of the No. 7 Leading Edge Slat  Aecording to FDR information, about 9 minutes after the aircraft arrived at 29,0...",,,,
51,51_fuel_pounds_weight_lbs,"fuel, pounds, weight, lbs, gallons, weight balance, balance, calculations, captain, flight",30,"[AAB0205.pdf_chunk_0031]: [ANALYSIS] Further, the Safety  Board notes that during simulator tests, when a left engine failure was induced along with a  failed right engine on an ILS approach, the airplane remained controllable with minimal  difficulty. However, the airplane was more difficult to control and required constant... ||| [AAB0205.pdf_chunk_0032]: [ANALYSIS] The Safety Board pilots were briefed that the simulated engine failures would occur but did not  know when.  31  NTSB/AAB-02/05  Statements from the carrier’s owner and the first officer’s fiancée and information from  the weight and balance form completed by the accident crew suggest tha... ||| [AAB0205.pdf_chunk_0033]: [ANALYSIS] Although low fuel quantity annunciator lights for each tank illuminate on  the forward instrument panel when the fuel quantity decreases below 200 pounds, Safety Board  investigators determined in simulations that these annunciator lights were easily overlooked,  even when illuminated. Fl...",,,,
52,52_approach_probable cause_probable_cause,"approach, probable cause, probable, cause, descent, altitude, transportation, national transportation, transportation safety, board",29,"[AAB0203.pdf_chunk_0048]: [ANALYSIS] NTSB/AAB-02/03  41   • The presence of a passenger on the jumpseat, especially if it were the  charter customer, most likely further heightened the pressure on the flight  crew to land at ASE.    4. Darkness, reduced visibility, and light snow showers near the airport at  the time of the... ||| [AAB0601.pdf_chunk_0016]: [ANALYSIS] However, the accident approach profile is consistent with the pilots using the  GPS data to navigate to the BALES LOM and then failing to notice that the GPS had  autosequenced to MTV after the airplane passed BALES. Once the airplane was inbound,  the pilots might have mistakenly believe... ||| [AAR0601.pdf_chunk_0063]: [CONCLUSIONS] Current regulations permitting pilots to descend below the minimum descent altitude (MDA) into a region where obstacle clearance is not assured may result in reduced margins of safety for nonprecision approaches, especially in conditions of low ceilings, reduced visibility, and/or at n...",,,,
53,53_cargo_compartment_cargo compartment_container,"cargo, compartment, cargo compartment, container, smoke, containers, compartments, synthesizer, oxygen, cargo compartments",29,"[AAR0707.pdf_chunk_0054]: [ANALYSIS] However, the flight engineer saw no smoke either  of the two times that he visually checked the main cargo compartment. This evidence  indicates that the fire initially did not generate a significant amount of smoke and was  most likely initiated as a smoldering fire inside a cargo contai... ||| [AAR0707.pdf_chunk_0055]: [ANALYSIS] Origin and Cause of Fire 2.4  Despite the length of time that the fire burned and the resulting destruction of  potentially helpful evidence, the postfire condition of the cargo containers and contents  and the surrounding airplane structure were examined for any evidence indicating  the... ||| [AAR0707.pdf_chunk_0056]: [ANALYSIS] The lowest point of fuselage damage,  which could be indicative of the point of origin of the fire, was located in the right aft  portion of container 12 near container  13, where the damage extended down to the  cargo compartment floor. Container 14 exhibited heavy damage to the contents...",,,,
54,54_tour_air tour_adsb_hawaii,"tour, air tour, adsb, hawaii, air, operators, tour operators, sfar, sfar 71, infrastructure",29,"[AAR0602.pdf_chunk_0059]: [ANALYSIS] Department of Transportation, Federal Aviation Administration, Report on the Interfaces Between Flightcrews and Modern Flight Deck Systems (Washington, DC: FAA, 1996). Analysis 52 Aircraft Accident Report flight. In addition to the lack of radar data for low-flying aircraft in the Gulf of... ||| [AAR0602.pdf_chunk_0060]: [ANALYSIS] As a result, helicopter pilots transporting oil service personnel to and from offshore platforms would not be afforded the same level of safety as general aviation pilots operating in Alaska. ADS-B technology has many potential benefits for flight operations in the Gulf of Mexico. For exa... ||| [AAR0602.pdf_chunk_0061]: [ANALYSIS] At that time, the FAA proposed fiscal year 2007 for the start date for implementation of the program and fiscal year 2010 as the target date for completion of the first segment of ADS-B infrastructure deployment. On March 1, 2006, the FAA verbally informed the Safety Board that the Gulf o...",,,,
55,55_vortex_core_vortices_rotors,"vortex, core, vortices, rotors, rotor, dc9, pressure, turbulence, feet, wake",28,"[AAR0101.pdf_chunk_0127]: [ANALYSIS] They also encountered turbulence during the entire flight from DEN until the initiation of the uncontrollable right roll. The Safety Board believes that immediately before the loss of control, the turbulence encountered by flight 585 was moderate. Moderate turbulence was forecast by the N... ||| [AAR0101.pdf_chunk_0128]: [ANALYSIS] In a .4 radian per second vortex the pressure decrease in a core with a radius of 250 feet would amount to about 9.2 millibars. At the core edge, the decrease would have been about 4.6 millibars and at a radius of 600 feet, the decrease would have been about .8 millibars. These pressure d... ||| [AAR0101.pdf_chunk_0129]: [ANALYSIS] At 200 feet above the core center, the increase in pressure amounts to about 1 millibar (corresponding to an indicated altitude decrease of about 30 feet). About 200 feet below the core center near the core edge, a pressure decrease of about 25 millibars (corresponding to an indicated alt...",,,,
56,56_fan_fan blade_cowl_blade,"fan, fan blade, cowl, blade, fbo, fan case, engine, fan blades, case, blades",28,"[AAR-90-06.pdf_chunk_0068]: [ANALYSIS] The results of the simulator experiments showed that a  landing attempt under these conditions involves many variables that affect  the extent of controllability during the approach and landing. In general,  the simulator reenactments indicated that landing parameters, such as speed,  tou... ||| [AAR1003.pdf_chunk_0088]: [ANALYSIS] A more detailed DNA analysis completed in February 2010 was unable to verify  whether more than one male goose was ingested into the right engine. NTSB  Aircraft Accident Report  2.2.3.1 Engine Spinner, Fan Blade, and Fan Inlet Case Damage  If a bird enters the engine inlet near the inner... ||| [AAR1903.pdf_chunk_0000]: [PROBABLE CAUSE] Probable Cause  The National Transportation Safety Board (NTSB) determines that the probable cause of  this accident was a low-cycle fatigue crack in the dovetail of fan blade No. 13, which resulted in  the fan blade separating in flight and impacting the engine fan case at a locati...",,,,
57,57_turbulence_aircraft_control_wing,"turbulence, aircraft, control, wing, severe, area, upset, loss, structural, air turbulence",28,"[AAR0101.pdf_chunk_0119]: [ANALYSIS] Since there is no evidence of an interruption of electrical power to either of the recorders, the Safety Board concludes that the electrical busses and the respective electrical motor-driven hydraulic pumps remained powered throughout the flight. With both the A and B hydraulic systems op... ||| [AAR0101.pdf_chunk_0120]: [ANALYSIS] Examination of the horizontal stabilizer indicated that there was no preimpact malfunction or failure of the horizontal stabilizer. Numerous examinations of the wreckage failed to produce evidence of preimpact structural problems. Engine mount separation points showed evidence of impact o... ||| [AAR0101.pdf_chunk_0126]: [ANALYSIS] In the worst case, an internal leakage was produced with a 66-percent drop in maximum pressure differential. This condition would limit the rate of rudder movement and the maximum deflection that could be achieved against aerodynamic loads. Nonetheless, the Safety Board is concerned that...",,,,
58,58_hazardous materials_hazardous_materials_undeclared,"hazardous materials, hazardous, materials, undeclared, undeclared hazardous, shipping, freight, packages, shipment, board",27,"[AAR0002.pdf_chunk_0073]: [ANALYSIS] Therefore, the Safety Board believes that the FAA should require manufacturers of 14 CFR Part 23 and Part 25 airplanes and Part 121 operators to revise their hard landing inspection and reporting criteria to account for all factors that can contribute to structural damage. The FAA should... ||| [AAR0002.pdf_chunk_0074]: [ANALYSIS] The Board notes that the incident commander’s decision to deploy firefighting units based on the assumption that hazardous materials were likely on board the airplane was prudent and in keeping with the North American Emergency Response Guidebook. The accident at Newark was the second wit... ||| [AAR0707.pdf_chunk_0065]: [ANALYSIS] Therefore, the Safety  Board recommends that the FAA require cargo operators to designate at least one floor  level door as a required emergency exit and equip the door with an evacuation slide, when  appropriate. Further, the Safety Board recommends that the FAA require all emergency  ex...",,,,
59,59_taws_terrain_alerts_gpws,"taws, terrain, alerts, gpws, warning, inhibit, alert, ground proximity, proximity, inhibited",27,"[AAB0606.pdf_chunk_0018]: [ANALYSIS] ANALYSIS General The flight crew was performing an instrument precision approach; therefore, the presence of low cloud ceilings and reduced visibility should not have affected the pilots’ ability to fly the approach. The Houston TRACON controller did not correct the first officer when he... ||| [AAR0001.pdf_chunk_0186]: [ANALYSIS] An aural “TERRAIN TERRAIN” and “PULL UP” warning and a red visual terrain depiction on the weather radar scope would have been issued about 45 seconds before impact and would have sounded continuously until completion of a successful escape maneuver or impact. Analysis 163 Aircraft Accide... ||| [AAR1402.pdf_chunk_0079]: [ANALYSIS] However, when the UPS director of operations was asked during  the NTSB’s investigative hearing about the flight crew’s responsibility to rebrief or abandon the  approach, he stated, “it would be the expectation.” Yet the captain, when he noticed that the  airplane was not descending on t...",,,,
60,60_rotor_blade_damper_tail,"rotor, blade, damper, tail, tail rotor, rotor blade, main rotor, dr, special effects, yellow",26,"[AAR7001.pdf_chunk_0019]: [ANALYSIS AND CONCLUSIONS > ANALYSIS] Fron the physical damage found in the components of the rotor head and patterns of this damage, it is evident that the black, yellow, and blue main rotor blades, followed by the red and white, underwent a serfes of extremc excursions in their lead/lag axis. Thes... ||| [AAR7001.pdf_chunk_0020]: [ANALYSIS AND CONCLUSIONS > ANALYSIS] Another consideration in the conclusion is that, had the yellow blade pitch change control rod become detached initially, it is improbable that the extreme lead and lag excursions of the other rotor blades would have been the expected result, This is because whe... ||| [AAR7001.pdf_chunk_0021]: [ANALYSIS AND CONCLUSIONS > ANALYSIS] When the zyellow blade became detached, it would have been uncontrollable in its pitch and flap axes and free to create an extreme imbalance in the rotor head. Such imbalance could well have caused the main rotor head to displace in such a manner as to deflect t...",,,,
61,61_rudder_servo valve_servo_valve,"rudder, servo valve, servo, valve, pcu, slide, jam, main rudder, secondary slide, rudder pcu",26,"[AAR0101.pdf_chunk_0123]: [ANALYSIS] As discussed in section 1.16.3, a rudder movement initiated by the yaw damper will produce a small angular movement of the standby actuator input crank. If the crank is not free to move relative to the actuator body, the feedback loop to the MPCU servo valve will be affected so that a rud... ||| [AAR0101.pdf_chunk_0124]: [ANALYSIS] The Safety Board believes it more likely that the nut was backed off during maintenance in which the MPCU was removed from the airplane. With the MPCU removed from the control system, movement of the rudder surface from side to side would be resisted only by the standby actuator and torqu... ||| [AAR0101.pdf_chunk_0125]: [ANALYSIS] There were no indications that the galled actuator had ever been detected by flight or maintenance crews within the preceding several years. It is believed that galling occurs shortly after the unit begins operation because the condition that causes galling is the lack of clearance betwee...",,,,
62,62_emergency_ava052_controllers_flightcrew,"emergency, ava052, controllers, flightcrew, fuel, atc, jfk, controller, alternate, priority",25,"[AAR7605.pdf_chunk_0018]: [ANALYSIS] This 4ifference resulted from the unavoidable delay in communicating the vector to the pilot, and the difference between the controller's radar estimate of the aircraft's position and the position of the aircraft over the ground. Te NE AF Rr inl A A A AIRE OTN aD ec. Abin a SP  The Indian... ||| [AAR7605.pdf_chunk_0021]: [(b) PROBABLE CAUSE] Pilots should be conservative in their decisions to exercise the privileges of their airman's certificutes and consider their level of experience, recency of experience, the aircraft's capability, and pilot workload before committing themselves to a flight. It is extremely impor... ||| [AAR7803.pdf_chunk_0035]: [ANALYSIS AND CONCLUSIONS > ANALYSIS] This theory is consistent with the first officer's first request ""...get us a vector to a clear area."" They may, therefore,  have failed to turn on the emergency power, which would explain the loss of communications with air traffic control because the communica...",,,,
63,63_stabilizer_horizontal stabilizer_horizontal_continental express,"stabilizer, horizontal stabilizer, horizontal, continental express, maintenance, continental, structure, leading, express, vertical stabilizer",25,"[AAR0201.pdf_chunk_0184]: [ANALYSIS] Second, and more importantly, all maintenance and inspection tasks are subject to human error. As previously discussed, this investigation has identified several weaknesses in the lubrication and inspection procedures that could affect their intended results and compromise safety.272 Furt... ||| [AAR0404.pdf_chunk_0149]: [ANALYSIS] To evaluate and understand the circumstances of the vertical stabilizer separation on flight 587, the Safety Board examined the vertical stabilizer structure to evaluate its conformity with design specifications, analyzed the fracture and damage patterns indicated by the wreckage, calcula... ||| [AAR0404.pdf_chunk_0150]: [ANALYSIS] The airplane performance study indicated that, at 0915:58.4, when the vertical stabilizer separation began, the aerodynamic loads on the vertical stabilizer were about two times the loads defined by the limit load design envelope (see figure 15).178 Given the aerodynamic loads at the time...",,,,
64,64_fdr_fdrs_parameters_safety,"fdr, fdrs, parameters, safety, data, board, safety board, recorded, maintenance, airplanes",25,"[AAR0001.pdf_chunk_0194]: [ANALYSIS] A proper accident investigation requires a review of the practices and procedures of the responsible regulatory agency and their possible role in the accident. Because the results of such an assessment may necessitate conclusions and recommendations that are critical of, or adverse to, th... ||| [AAR0001.pdf_chunk_0195]: [ANALYSIS] In 1991, concerns about the airworthiness of FDRs resulted in two safety recommendations to the FAA (A-91-23 and -24) aimed at developing a permanent policy for FDR maintenance and record-keeping. Safety Recommendation A-97-30 asked the FAA to publish, by January 1998, a promised AC addre... ||| [AAR0001.pdf_chunk_0196]: [ANALYSIS] Section 3 of the attachment, entitled “Inspections of flight data and cockpit voice recorder systems,” provides guidance to Member States on the continued airworthiness of FDR systems, such as details on how to conduct annual checks of every FDR parameter, including recorded signal and tr...",,,,
65,65_plug_med_med plug_removal,"plug, med, med plug, removal, left med, boeing, production, boeings, bolts, manufacturing",24,"[AIR2504.pdf_chunk_0069]: [ANALYSIS] Aviation Investigation Report  AIR-25-04    79 2 Analysis  2.1 Introduction  The airplane experienced an in-flight separation of the left MED plug and rapid  depressurization during climb about 6 minutes after takeoff from PDX. Alaska Airlines  had taken delivery of the newly manufactured... ||| [AIR2504.pdf_chunk_0070]: [ANALYSIS] There was no evidence that,  since delivery, Alaska Airlines performed any maintenance, inspection, or retrofit  work on the airplane that would involve opening the left MED plug. Flight crew routine preflight walkaround inspection procedures. Based on an  examination of the accident airp... ||| [AIR2504.pdf_chunk_0074]: [ANALYSIS] For  a plug to move outboard, it first has to move vertically upward enough for its stop  fittings to clear the frame stop pads. On a normal MED plug installation, plug vertical  movement is prevented by four bolts: two vertical movement arrestor bolts and two  upper guide track bolts. Ba...",,,,
66,66_runway_rsa_emas_airport,"runway, rsa, emas, airport, rsas, special, airports, runways, safety, faa",24,"[AAR0001.pdf_chunk_0158]: [ANALYSIS] The Safety Board addressed the issue of the classification of special airports and approaches to certain airports in connection with its investigation of the October 19, 1996, accident involving Delta Air Lines flight 554, an MD-88, at LaGuardia Airport in New York. On August 25, 1997, th... ||| [AAR0102.pdf_chunk_0179]: [ANALYSIS] Aircraft Accident Report NTSB/AAR/89-04. Washington, DC. Analysis 158 Aircraft Accident Report 2.5 Airport Factors 2.5.1 Runway Safety Areas Runway 4R/22L, which was opened in September 1991, has runway safety areas of 1,000 feet at the departure end of 22L and 450 feet at the departure e... ||| [AAR0102.pdf_chunk_0180]: [ANALYSIS] As with runway 4R/22L in Little Rock, runway 8/26 in Burbank was exempt, under 14 CFR 139.309(a)(1), from the 1,000-foot runway safety area standard in AC 150/5300-13. On December 13, 1994, the Safety Board issued Safety Recommendation A-94-211, which asked the FAA, among other things, to...",,,,
67,67_boss_air_fighter_boeing b17g,"boss, air, fighter, boeing b17g, b17g, caf, report air2407, air2407, p63f, bell p63f",23,"[AIR-24-07.pdf_chunk_0047]: [ANALYSIS] 2. Analysis  2.1 Introduction  The accident occurred when two CAF-operated warbird airplanes, a  Boeing B-17G bomber and a Bell P-63F fighter, collided in flight during an air boss– directed warbird performance that included multiple, dissimilar aircraft at the CAF’s  Wings Over Dallas ai... ||| [AIR-24-07.pdf_chunk_0048]: [ANALYSIS] The NTSB reviewed their  FAA medical certification information and the autopsy and toxicology  reports for all personnel on board both airplanes. Considering the  autopsies’ limitations (due to the severity of some injuries) and the  operational circumstances of the accident, our evaluati... ||| [AIR-24-07.pdf_chunk_0049]: [ANALYSIS] Although CAF’s chief aviation officer stated that the scanners’ role  during the air show included looking for traffic, per the CAF’s  loadmaster operations manual and training agenda, their primary  in-flight responsibilities involved monitoring engine and tailwheel  operations, and ther...",,,,
68,68_mode_777_spd_pf,"mode, 777, spd, pf, flch, flch spd, pm, asiana, fd, flight director",23,"[AAR0602.pdf_chunk_0052]: [ANALYSIS] Research on the use of automated flight systems in transport-category aircraft found that the reprogramming of automated flight control systems is prone to human error because reprogramming involves multiple, complex steps.105  The accident pilots might not have chosen to use the coupling... ||| [AAR0602.pdf_chunk_0055]: [ANALYSIS] In such systems, only one set of commands guides flight director command cues, which are presented simultaneously for both pilot stations. Analysis 49 Aircraft Accident Report wants to program the flight director in advance of the subsequent phase of flight. However, only one pilot statio... ||| [AAR0602.pdf_chunk_0056]: [ANALYSIS] The ability to engage only one or two axes, instead of all three, can be beneficial in certain circumstances, such as search and rescue, when a pilot may engage a roll function on the flight director mode selector (such as heading) but need to make pitch control inputs to maintain a certa...",,,,
69,69_takeoff_tire_rejected_v1,"takeoff, tire, rejected, v1, rto, rejected takeoff, speed, airplane, runway, captain",22,"[AAR0604.pdf_chunk_0053]: [ANALYSIS] Both pilots indicated that the flight controls operated freely and normally during the preflight control checks and that no anomalies were noted before the takeoff roll was initiated about 1 minute later. Witness reports, statements from the pilots and passengers, airplane performance cal... ||| [AAR0604.pdf_chunk_0057]: [ANALYSIS] During the accident takeoff, the airplane had accelerated beyond both its safe RTO speed for the accident runway and its expected rotation speed, and its nose never began to lift off the runway. The captain 92 The FBO’s fuel records indicated that another airplane was defueled earlier on... ||| [AAR1002.pdf_chunk_0056]: [ANALYSIS] Although such disapprovals can be an indication of pilot competency problems, they must be  assessed in the context of the pilot’s career as a whole. In the case of the accident captain, three  of these disapproval notices were issued about 11 years before the accident (when the captain...",,,,
70,70_flap_piper_page_add,"flap, piper, page, add, flaps, 25, delete, paragraph, service bulletin, bulletin",22,"[AAR8211.pdf_chunk_0017]: [FINDINGS] The asymmetric flap condition cowd not be corrected by reising the flaps since the flap motor would be deactivated as soon as the left flap contacted the up-limit switch,  11, Moderate turbulence and low level wind shear were present in the Ithaea area at the tine of the accident,  12, ‘P... ||| [AAR8211.pdf_chunk_0018]: [FINDINGS] Part 3 dessiocs the ayproprinte Piper Modification kits which provide imitructiom, placards, and hardware for positive restriction of flop travel, aml inoorporetes information regarding permanent Pilot's Operating Handbook/Atroraft Flight Manual revisions, Compliance time fs on or before... ||| [AAR8211.pdf_chunk_0026]: [FINDINGS] Qa or before August 1, 1982,  Purpose; Recent field reports ie been received indicating flap system malfunctions which were the of failures of the wing flap flexible shaft assemblies. Should such a failure occur, an asymmetric (“eplit flap"") condition could result. An asymmetric flap cond...",,,,
71,71_landing distance_distance_landing_assessments,"landing distance, distance, landing, assessments, distance assessments, arrival, arrival landing, margin, safety margin, safo",21,"[AAR0706.pdf_chunk_0050]: [ANALYSIS] Pilots use a variety of aids  to accomplish airplane performance calculations, including tabular performance charts. The information on tabular charts is designed to be clear and readily available;75 however,  pilots must survey rows and columns and select the most appropriate value, appl... ||| [AAR0706.pdf_chunk_0051]: [ANALYSIS] Calculations based on the 5-knot tailwind limit  resulted in more favorable displayed stopping margins. If the OPC calculations had been  based on the actual 8-knot tailwind component, the stopping margin would have been  -260 feet (or 260 feet beyond the departure end of the runway), ind... ||| [AAR0706.pdf_chunk_0052]: [ANALYSIS] Therefore, they had to be aware of differences between the models, as  they switched between these models on a day-by-day or flight-by-flight basis. 78  At the time of the accident, the information was correct in two of the three FOM locations.  79  Air distance is the distance allowance...",,,,
72,72_traffic_alerting_aural_adsb,"traffic, alerting, aural, adsb, collision, dhc3, alerts, visual, 71, cdti",21,"[AAR2104.pdf_chunk_0000]: [PROBABLE CAUSE] Probable Cause  The National Transportation Safety Board determines that the probable cause of this  accident was the inherent limitations of the see-and-avoid concept, which prevented the two pilots  from seeing the other airplane before the collision, and the absence of visual and... ||| [AAR2104.pdf_chunk_0001]: [PROBABLE CAUSE] Had these limitations not existed, aural traffic alerts  in each airplane would have occurred early enough for the pilots to have prevented the  collision.  • The loss of alerting capabilities with ADS-B systems installed as part of the FAA’s  post-Capstone upgrade program. The DHC-... ||| [AAR2104.pdf_chunk_0002]: [FINDINGS] Had an SMS been established at Taquan Air at the  time of the accident, it would have provided the operator better opportunities to identify  and mitigate the increased risk of an airborne collision posed by the loss of alerting in  the upgraded ADS-B components provided by the FAA and th...",,,,
73,73_certification_airworthiness_faa_type certification,"certification, airworthiness, faa, type certification, afm, revision, aeg, cc, stc, atr",20,"[AAR0102.pdf_chunk_0187]: [ANALYSIS] In an April 20, 2000, letter to the Safety Board, Boeing indicated that it could not Analysis 164 Aircraft Accident Report find any record of issuing a letter of no technical objection to American regarding alteration of the manufacturer’s recommended spoiler deployment or autobrake proce... ||| [AAR1002.pdf_chunk_0073]: [ANALYSIS] From a certification basis, the Learjet 24 and the Learjet 60 are the same type  of airplane; however, they share few similarities or structural components.    84 Safety Recommendation A-06-36 is discussed in section 1.18.3.2.  NTSB  Aircraft Accident Report  Since the certification of th... ||| [AAR7909.pdf_chunk_0029]: [ANALYSIS] Instead, the aircraft was accepted unconditionally because it was recently >verhauled. in addition, the failure to use the proper engines and the failure to deterr {ne a proper zero--thrust setting completely invalidated the basis of the STC, and further underscore the lack of careful pre...",,,,
74,74_power_engine_pilot_loss,"power, engine, pilot, loss, airplane, accident, control, captain, aircraft, flight",20,"[AAB0702.pdf_chunk_0009]: [ANALYSIS] ANALYSIS  There were no system, structural, or engine malfunctions found. The engine was  producing power as indicated by the separation of the propeller hub, damage to the blade hubs,  and damage to the No. 2 blade. The pilot/owner was properly certificated to fly the accident  airplane.... ||| [AAR0403.pdf_chunk_0049]: [ANALYSIS] Airplane performance calculations show that the windmilling propeller and the protruding magnetos alone were not sufficient to cause the airplane to descend as rapidly as it did. Other factors that were most likely caused or controlled by the pilot, including not flying at the recommended... ||| [AAR1103.pdf_chunk_0062]: [ANALYSIS] Ercoline, eds., Spatial Disorientation in  Aviation (Reston, Virginia: American Institute of Aeronautics and Astronautics, 2004), pp. 260-263. NTSB  Aircraft Accident Report  52  did not have any injuries noted on autopsy that would indicate that he was on the flight controls  at the time...",,,,
75,75_spoiler_spoilers_extended_autospoiler,"spoiler, spoilers, extended, autospoiler, spoiler handle, actuator, handle, arming, spoilers extended, md80",20,"[AAR0102.pdf_chunk_0143]: [ANALYSIS] FDR data from the airplane’s previous landing showed that the left outboard and right inboard flight spoilers (the only two spoiler parameters recorded) deployed upon touchdown and remained fully deflected for about 33 seconds. Also, FDR data from the accident flight indicated that the fl... ||| [AAR0102.pdf_chunk_0144]: [ANALYSIS] As the chief pilot at American’s Chicago base of operations, the captain was required to fly less frequently than line pilots. However, the captain had become a chief pilot only months before the accident and had flown 54 hours in the 90 days before the accident flight. Thus, it is likely... ||| [AAR0102.pdf_chunk_0145]: [ANALYSIS] Teardown of the autospoiler actuator revealed that the actuator was in the fully extended (deployed) position, which was consistent with proper autospoiler operation with the autospoiler handle in the unarmed position. Thus, the spoiler handle was actually in the stowed position at impact...",,,,
